"RelativePath","SizeBytes","SHA256"
"01_本次复现实验脚本\采集多轨迹飞行.py","12055","8F0D7343A4EC4951712AD3ADF11DBAB1C30DCEB7E9DEE01A22DEF4B161CE03DC"
"01_本次复现实验脚本\轨迹协议.py","1115","08B971B73CE3A35F81A86B6EF456B3A3F6F2ABC1CD4B0CBE5F9FB77E9AD54A81"
"01_本次复现实验脚本\恢复采集并训练.py","4417","C7F5EC716F693B0E408256707191148FFFDEFAB1949DD26B87CB8C24699D0FDF"
"01_本次复现实验脚本\混合训练与复测.py","9248","FA689DFDDEA751947BFE2CAE16DC7F3B2C4C5AC3D2D7911113D658AFFF83618F"
"01_本次复现实验脚本\仅测试混合第33轮.py","5718","E4B96686CDEDF64485F88A1A2AAD7629380BAF8B25C914E2D79905AC045302E8"
"01_本次复现实验脚本\批量采集.py","6949","AE46D102FF26FD6E4647B452510A9A8942FEE88548391DFABCC2150000B8EB1D"
"01_本次复现实验脚本\启动混合训练.py","1195","CB335C6A928A4229F6F04A5E34DE18616C9026EC354AB0C717EE879D190FC28C"
"01_本次复现实验脚本\训练与统一测试.py","14234","0AC06C2F23394F64472D64F8824148133E657AB63049EB972FAE4E722E16EC6C"
"01_本次复现实验脚本\执行全流程.py","2026","6C19EC79952F5313CD2121414F907F1343482DC35DD61811B880609275D4682A"
"02_仓库核心算法\吊载扩展卡尔曼滤波.py","13740","65BD45530BC223B6653F04139EB71B0BEEC107C6FDEA391C9C275548477CE6B3"
"02_仓库核心算法\离线效果验证.py","24486","96A22550E921BA51E96481AEEEDCC438ADD3C31F56699987468DA405F848A970"
"02_仓库核心算法\LSTM修正模型.py","1030","E13A5F759E6DCDF0EB0679B17D456FF9F922235B571211C85D4425058614ACFC"
"03_轨迹配置\test_01.json","1095","C0C0FD1B218878F2BCF74F13CB0894B0974BD7EFF8671C0155C995CAA21782E8"
"03_轨迹配置\test_02.json","1099","C713F0A035A63F10BD70717223D18ADD689E72A7DEFA4D4A76BAF135D435BAEC"
"03_轨迹配置\test_03.json","1077","73F3A9C0F848302C63FB5CFEA722C56A3691B3D696B37EDF6E142D2B6CB34D8C"
"03_轨迹配置\test_04.json","1083","D71174CEB67A31ED1F9AA0F0020D07C3F1A6FEFBBCAAB026A90467C120D1C453"
"03_轨迹配置\train_01.json","1103","3B9640F5E0A286D5EDDC20507A4E939008D257FCFC4B1E77EC514DD3B294BF09"
"03_轨迹配置\train_02.json","1095","148ED82A4B6F2EEF7CE75B3BB9700FF8D71E7047CFA4AE81980B2D01ABE37FAA"
"03_轨迹配置\train_03.json","1094","1F1CD42D2E79B7A19F8AD550E7A9D5EC53FD21BCDEFC26D37FF9FA4533EE9298"
"03_轨迹配置\train_04.json","1098","1D017AE1E4667576EFBCDEFF5F632967A8C54E8D0694B63F992157EB17D2DB96"
"03_轨迹配置\train_05.json","1100","46751C046034554983B1A696904317B13ED90CF19E935A120D4844C43EEF0BBA"
"03_轨迹配置\train_06.json","1101","D04F62BD4B601B401FC08420AE264A81A2D1A29D62E3685048C3612F77D118C8"
"03_轨迹配置\train_07.json","1099","B4BFA5008292B2A166021F32A3CAAB1549D09E0EAEDE6196862C9C4604889E23"
"03_轨迹配置\train_08.json","1097","254A5FCC4A2A35BE5C5AC030ABE56DA14446D5058B7DBC36D9E7D58B052A07A8"
"03_轨迹配置\train_09.json","1104","83D8788E5B47DA3511E765AE13E5EF8DA54516AC59D2C445BD41A811FBCCC0FC"
"03_轨迹配置\train_10.json","1099","8EA700D55E7464D56583DBB9C08B23292AFBC47391EB7D5A5F1DE6DBFD1D054E"
"03_轨迹配置\validation_01.json","1108","B19A5D9505DD8E53AC121115657BF466BE293C1979FCCB34115B2C1E3F902263"
"03_轨迹配置\validation_02.json","1106","FBBD315BC4BE02930DBC7BBB0B733001BDA18909714B2E843B58CED7122CF42F"
"03_轨迹配置\validation_03.json","1113","F2C022935855D1C6D1F9F9F2C791E27B644C9BD10FFD2BAC9CFBB47E3503A612"
"03_轨迹配置\validation_04.json","1114","FF4407FBB7FF47B3F36B9A6CA15D0F86D49A70B18EFEE7556152C1CF5A7FF324"
"04_仿真场景与模型\吊载起飞场景.world","1458","E4FE2330913CE499F7FD9BE6E0D3B6CAC64571D7B276B1022855EDE0787DBDCD"
"04_仿真场景与模型\仿真环境.sh","885","34347337EE1FCCADEB45313D5A361C8BF884B9438A45F1E906AA5B9224172B45"
"04_仿真场景与模型\iris_slung_load.sdf","14110","FCFA19831973BD74BE64D4EADC4EBF7BE0B26C73FAF7019A6E35EE510A5BEA9E"
"04_仿真场景与模型\model.config","403","164EBC978DCE556D74A2FA7570F82D5151EBB5E672A924AEC3ECE80AFA7081D6"
"README.md","2786","029F3C3837A165CA48BBF63B970091A880A3A05F3780E6CEFF7BAD4CE0143DF3"
